[
  {
    "id": 1,
    "name": "Burger",
    "price": 120,
    "image": "image/burger.webp"
  },
  {
    "id": 2,
    "name": "Pizza",
    "price": 300,
    "image": "image/pizza.avif"
  },
  {
    "id": 3,
    "name": "Sandwich",
    "price": 90,
    "image": "image/sandwich.webp"
  },
  {
    "id": 4,
    "name": "Spring Roll",
    "price": 110,
    "image": "image/spring-roll.webp"
  },
  {
    "id": 5,
    "name": "Fried Chicken",
    "price": 250,
    "image": "image/fried-chicken.webp"
  },
  {
    "id": 6,
    "name": "Lasagna",
    "price": 220,
    "image": "image/lasagna.webp"
  },
  {
    "id": 7,
    "name": "Spaghetti",
    "price": 180,
    "image": "image/spaghetti.webp"
  },
  {
    "id": 8,
    "name": "Brownie",
    "price": 150,
    "image": "image/brownie.webp"
  },
  {
    "id": 9,
    "name": "Garlic Bread",
    "price": 130,
    "image": "image/garlicbread.webp"
  },
  {
    "id": 10,
    "name": "Chicken Roll",
    "price": 140,
    "image": "image/chicken-roll.webp"
  }
]